{
    "config": {
        "batch_size": 16,
        "block_size": 32,
        "n_embd": 24,
        "n_head": 3,
        "n_layer": 3,
        "dropout": 0.1,
        "learning_rate": 0.001,
        "max_iters": 5000,
        "eval_interval": 100,
        "eval_iters": 50,
        "device": "mps",
        "file_name": "data/inputMelodiesAugmented.txt"
    },
    "training_history": {
        "train_losses": [
            2.553049325942993,
            2.552690029144287,
            2.5531563758850098,
            2.552949905395508,
            2.5525593757629395,
            2.5523483753204346,
            2.5534074306488037,
            2.552717447280884,
            2.5525717735290527,
            2.55185604095459,
            2.5521340370178223,
            2.5529229640960693,
            2.552417278289795,
            2.552035093307495,
            2.552873134613037,
            2.5534400939941406,
            2.553140163421631,
            2.5526278018951416,
            2.551884174346924,
            2.552138566970825,
            2.55206561088562,
            2.5525527000427246,
            2.5528502464294434,
            2.5532310009002686,
            2.5527045726776123,
            2.55222225189209,
            2.5520005226135254,
            2.5529749393463135,
            2.5523030757904053,
            2.5527503490448,
            2.552290916442871,
            2.551964521408081,
            2.5530505180358887,
            2.551762580871582,
            2.552997350692749,
            2.5519373416900635,
            2.553994655609131,
            2.5529160499572754,
            2.5523154735565186,
            2.552520751953125,
            2.5524284839630127,
            2.5523345470428467,
            2.552419424057007,
            2.552948474884033,
            2.5515358448028564,
            2.5517966747283936,
            2.5529117584228516,
            2.552623987197876,
            2.553100109100342,
            2.5529890060424805,
            2.5514965057373047
        ],
        "val_losses": [
            2.551661968231201,
            2.552151918411255,
            2.552177906036377,
            2.552393913269043,
            2.551724433898926,
            2.5511181354522705,
            2.552231788635254,
            2.551229476928711,
            2.5518341064453125,
            2.552767515182495,
            2.5521061420440674,
            2.551684617996216,
            2.552434206008911,
            2.5513668060302734,
            2.552499532699585,
            2.5521433353424072,
            2.5520851612091064,
            2.5526278018951416,
            2.55338191986084,
            2.5519556999206543,
            2.551617383956909,
            2.552426338195801,
            2.5517666339874268,
            2.5530805587768555,
            2.552178382873535,
            2.5520825386047363,
            2.5521798133850098,
            2.551255941390991,
            2.5520970821380615,
            2.551077365875244,
            2.552367925643921,
            2.5521674156188965,
            2.550750732421875,
            2.552135944366455,
            2.551896572113037,
            2.5518927574157715,
            2.551875352859497,
            2.5508649349212646,
            2.5522053241729736,
            2.5523159503936768,
            2.552382707595825,
            2.5520009994506836,
            2.552459478378296,
            2.552140235900879,
            2.5520474910736084,
            2.5524375438690186,
            2.552600383758545,
            2.5526111125946045,
            2.5525567531585693,
            2.5523102283477783,
            2.5521175861358643
        ]
    },
    "final_metrics": {
        "final_train_loss": 2.5514965057373047,
        "final_val_loss": 2.5521175861358643,
        "overfitting_metric": 0.0006210803985595703,
        "params": 23007,
        "generated_sample": "R F G A D\nd G  cdECcfBc G f GcDdFBgEcFc EGRDdd dEFcGBDDBEFgGFBGB\nAgRA gGRggCACE\nBddRBgcdDEaF dGcFfAgB CafECcff\n\n\nGaGd GaRRDARGAaC\ncaEFccGcdBGf\ncCFGBdgARFGBaB cEEgddFGAggF BcB\nRFagD dcGdfc ABR\ng R\n BGdagRAGdRg"
    }
}