{
    "config": {
        "batch_size": 16,
        "block_size": 32,
        "n_embd": 32,
        "n_head": 2,
        "n_layer": 2,
        "dropout": 0.0,
        "learning_rate": 0.001,
        "max_iters": 10000,
        "eval_interval": 100,
        "eval_iters": 50,
        "device": "mps",
        "file_name": "data/inputMelodiesAugmented.txt"
    },
    "training_history": {
        "train_losses": [
            2.5526955127716064,
            2.5524535179138184,
            2.55265736579895,
            2.5529937744140625,
            2.5530967712402344,
            2.553118944168091,
            2.5537655353546143,
            2.5524861812591553,
            2.5529375076293945,
            2.5528078079223633,
            2.5520286560058594,
            2.5527663230895996,
            2.5530290603637695,
            2.552506923675537,
            2.552302837371826,
            2.5525505542755127,
            2.552602767944336,
            2.5519211292266846,
            2.553192138671875,
            2.552823543548584,
            2.553269386291504,
            2.552849531173706,
            2.5527102947235107,
            2.5530993938446045,
            2.5521762371063232,
            2.5516016483306885,
            2.5525240898132324,
            2.551995038986206,
            2.5534327030181885,
            2.5530476570129395,
            2.552144765853882,
            2.552874803543091,
            2.5512702465057373,
            2.5526201725006104,
            2.5512917041778564,
            2.55288028717041,
            2.5515756607055664,
            2.552535057067871,
            2.5529229640960693,
            2.552927017211914,
            2.5528957843780518,
            2.553406000137329,
            2.5534250736236572,
            2.5528998374938965,
            2.553631544113159,
            2.552868127822876,
            2.551791191101074,
            2.552882432937622,
            2.5521609783172607,
            2.5538973808288574,
            2.5526766777038574,
            2.5533156394958496,
            2.553149461746216,
            2.5526251792907715,
            2.5525333881378174,
            2.5525996685028076,
            2.5529367923736572,
            2.552441358566284,
            2.552280902862549,
            2.55245304107666,
            2.5521063804626465,
            2.553492546081543,
            2.552182197570801,
            2.5525243282318115,
            2.5525124073028564,
            2.5531466007232666,
            2.5530519485473633,
            2.5529096126556396,
            2.5520687103271484,
            2.552701234817505,
            2.5523786544799805,
            2.55257511138916,
            2.553285598754883,
            2.5532610416412354,
            2.5526812076568604,
            2.5533647537231445,
            2.5532360076904297,
            2.552652359008789,
            2.5519912242889404,
            2.5520265102386475,
            2.5527713298797607,
            2.552384853363037,
            2.552548885345459,
            2.552234411239624,
            2.552448272705078,
            2.5522022247314453,
            2.552140235900879,
            2.552295446395874,
            2.5522937774658203,
            2.5528085231781006,
            2.5526630878448486,
            2.552027940750122,
            2.553452491760254,
            2.5535550117492676,
            2.5531020164489746,
            2.5523874759674072,
            2.552661180496216,
            2.552049160003662,
            2.552252769470215,
            2.552003860473633,
            2.552856206893921
        ],
        "val_losses": [
            2.551862955093384,
            2.551030158996582,
            2.5521397590637207,
            2.552304267883301,
            2.5515799522399902,
            2.5512609481811523,
            2.553079128265381,
            2.5523619651794434,
            2.5516300201416016,
            2.5523993968963623,
            2.5519330501556396,
            2.552206516265869,
            2.553081512451172,
            2.5525362491607666,
            2.5519676208496094,
            2.553126335144043,
            2.552345037460327,
            2.5525238513946533,
            2.552464723587036,
            2.55302095413208,
            2.5522541999816895,
            2.552371025085449,
            2.5521154403686523,
            2.552578926086426,
            2.551725387573242,
            2.5520882606506348,
            2.5526416301727295,
            2.5520880222320557,
            2.5530385971069336,
            2.5527353286743164,
            2.553166389465332,
            2.5515358448028564,
            2.5518908500671387,
            2.551947593688965,
            2.5523595809936523,
            2.552868366241455,
            2.5525357723236084,
            2.5515940189361572,
            2.552161455154419,
            2.5516157150268555,
            2.5519423484802246,
            2.5525848865509033,
            2.5529470443725586,
            2.5526134967803955,
            2.5522420406341553,
            2.5522263050079346,
            2.5524158477783203,
            2.5516164302825928,
            2.5514578819274902,
            2.5526280403137207,
            2.550858736038208,
            2.5515739917755127,
            2.5527477264404297,
            2.5521130561828613,
            2.551076650619507,
            2.551039934158325,
            2.5514447689056396,
            2.551190137863159,
            2.5527846813201904,
            2.5524299144744873,
            2.551913022994995,
            2.5529520511627197,
            2.5517804622650146,
            2.551755905151367,
            2.5526745319366455,
            2.55214262008667,
            2.552359104156494,
            2.551236867904663,
            2.5515410900115967,
            2.553103446960449,
            2.551510810852051,
            2.551314353942871,
            2.5523252487182617,
            2.5518712997436523,
            2.551664352416992,
            2.5527749061584473,
            2.5526511669158936,
            2.5522375106811523,
            2.5528512001037598,
            2.552414894104004,
            2.551330804824829,
            2.5518739223480225,
            2.5526018142700195,
            2.5516772270202637,
            2.552856206893921,
            2.5526978969573975,
            2.5520784854888916,
            2.5518457889556885,
            2.552492380142212,
            2.552493095397949,
            2.5535449981689453,
            2.5521812438964844,
            2.5508522987365723,
            2.552229642868042,
            2.552590847015381,
            2.553055763244629,
            2.551734685897827,
            2.5519962310791016,
            2.552180528640747,
            2.552159309387207,
            2.5529654026031494
        ]
    },
    "final_metrics": {
        "final_train_loss": 2.552856206893921,
        "final_val_loss": 2.5529654026031494,
        "overfitting_metric": 0.00010919570922851562,
        "params": 27279,
        "generated_sample": "R F G A AfDaGGcDgCRG C gERccaD\nFFdGffC GECFgDGAAafDCcGARBa ECadaFFAdcG BGgcffgDcRgggGcFAGdEDEdR CcCBfGD EEBcgfaRR g a C\nfdacDGG gBGA dFRaRFgGad ACcd EDcRAGGBFagaB cBRAEE D BcggdD\n\nFgBRCDG\n\nRDdCg EEBag GGaB\nD "
    }
}