{
    "config": {
        "batch_size": 16,
        "block_size": 32,
        "n_embd": 48,
        "n_head": 2,
        "n_layer": 1,
        "dropout": 0.0,
        "learning_rate": 0.001,
        "max_iters": 5000,
        "eval_interval": 100,
        "eval_iters": 50,
        "device": "mps",
        "file_name": "data/inputMelodiesAugmented.txt"
    },
    "training_history": {
        "train_losses": [
            2.5527782440185547,
            2.552260160446167,
            2.5529327392578125,
            2.5523064136505127,
            2.5523507595062256,
            2.553149461746216,
            2.5527102947235107,
            2.553154945373535,
            2.5531258583068848,
            2.5522704124450684,
            2.552975654602051,
            2.552161931991577,
            2.5522866249084473,
            2.5528154373168945,
            2.5531866550445557,
            2.55183744430542,
            2.5515553951263428,
            2.5523858070373535,
            2.552833318710327,
            2.552555799484253,
            2.553046226501465,
            2.5519165992736816,
            2.5524935722351074,
            2.551781177520752,
            2.5525035858154297,
            2.5529634952545166,
            2.5520317554473877,
            2.5517354011535645,
            2.553002119064331,
            2.5524439811706543,
            2.55263614654541,
            2.5531091690063477,
            2.5515735149383545,
            2.5531816482543945,
            2.55336856842041,
            2.552493095397949,
            2.552180528640747,
            2.5529990196228027,
            2.5522353649139404,
            2.5523838996887207,
            2.552694320678711,
            2.5528547763824463,
            2.5530776977539062,
            2.552706718444824,
            2.552809476852417,
            2.5524978637695312,
            2.552797794342041,
            2.5528626441955566,
            2.552541494369507,
            2.552417755126953,
            2.551939010620117
        ],
        "val_losses": [
            2.552025318145752,
            2.552528142929077,
            2.5514590740203857,
            2.5520389080047607,
            2.552807569503784,
            2.551952600479126,
            2.550936222076416,
            2.5526771545410156,
            2.5529661178588867,
            2.552478790283203,
            2.552161455154419,
            2.5529825687408447,
            2.551844835281372,
            2.5502877235412598,
            2.5519614219665527,
            2.5524394512176514,
            2.5518274307250977,
            2.5513155460357666,
            2.5522780418395996,
            2.5529048442840576,
            2.5515589714050293,
            2.553529739379883,
            2.5521700382232666,
            2.551814317703247,
            2.552278757095337,
            2.552284002304077,
            2.552009105682373,
            2.5518527030944824,
            2.551476240158081,
            2.5519766807556152,
            2.552828788757324,
            2.5522494316101074,
            2.551971435546875,
            2.5519862174987793,
            2.5515313148498535,
            2.5521256923675537,
            2.5517592430114746,
            2.5524044036865234,
            2.5520222187042236,
            2.55239200592041,
            2.5516715049743652,
            2.552381992340088,
            2.5518386363983154,
            2.5524110794067383,
            2.552294969558716,
            2.55218243598938,
            2.552446126937866,
            2.5524415969848633,
            2.551262140274048,
            2.5516562461853027,
            2.5524792671203613
        ]
    },
    "final_metrics": {
        "final_train_loss": 2.551939010620117,
        "final_val_loss": 2.5524792671203613,
        "overfitting_metric": 0.0005402565002441406,
        "params": 31215,
        "generated_sample": "R F G A dCfGDBEEBEDdGCgFBFc fD\nf RcCAFgER d\nRR\nccCF\nGC BCFG DFEfRgccCdARgAA  GEFDBB\nF C   RgfRRfAFCCGaaBcCDCAcg\nfEd E\nEDRgCDEa AFRGEEfDadEc B fB RRF gaAcRAaEERAFBRc\nC\ndaEECcdBAc\naGFF\nG CD dfcGCcBfFA ACCRCA cG"
    }
}